chr1,500,575,DEL
chr2,625,710,DUP
chr3,750,845,INV
chr4,875,980,INS
chr1,1000,1115,CNV
chr2,1125,1250,BND
chr3,1250,1385,TRA
chr4,1375,1520,DEL
chr1,1500,1655,DUP
chr2,1625,1700,INV
chr3,1750,1835,INS
chr4,1875,1970,CNV
chr1,2000,2105,BND
chr2,2125,2240,TRA
chr3,2250,2375,DEL
chr4,2375,2510,DUP
chr1,2500,2645,INV
chr2,2625,2780,INS
chr3,2750,2825,CNV
chr4,2875,2960,BND
chr1,3000,3095,TRA
chr2,3125,3230,DEL
chr3,3250,3365,DUP
chr4,3375,3500,INV
chr1,3500,3635,INS
chr2,3625,3770,CNV
chr3,3750,3905,BND
chr4,3875,3950,TRA
chr1,4000,4085,DEL
chr2,4125,4220,DUP
chr3,4250,4355,INV
chr4,4375,4490,INS
chr1,4500,4625,CNV
chr2,4625,4760,BND
chr3,4750,4895,TRA
chr4,4875,5030,DEL
chr1,5000,5075,DUP
chr2,5125,5210,INV
chr3,5250,5345,INS
chr4,5375,5480,CNV
chr1,5500,5615,BND
chr2,5625,5750,TRA
chr3,5750,5885,DEL
chr4,5875,6020,DUP
chr1,6000,6155,INV
chr2,6125,6200,INS
chr3,6250,6335,CNV
chr4,6375,6470,BND
chr1,6500,6605,TRA
chr2,6625,6740,DEL
chr3,6750,6875,DUP
chr4,6875,7010,INV
chr1,7000,7145,INS
chr2,7125,7280,CNV
chr3,7250,7325,BND
chr4,7375,7460,TRA
chr1,7500,7595,DEL
chr2,7625,7730,DUP
chr3,7750,7865,INV
chr4,7875,8000,INS
chr1,8000,8135,CNV
chr2,8125,8270,BND
chr3,8250,8405,TRA
chr4,8375,8450,DEL
chr1,8500,8585,DUP
chr2,8625,8720,INV
chr3,8750,8855,INS
chr4,8875,8990,CNV
chr1,9000,9125,BND
chr2,9125,9260,TRA
chr3,9250,9395,DEL
chr4,9375,9530,DUP
chr1,9500,9575,INV
chr2,9625,9710,INS
chr3,9750,9845,CNV
chr4,9875,9980,BND
chr1,10000,10115,TRA
chr2,10125,10250,DEL
chr3,10250,10385,DUP
chr4,10375,10520,INV
chr1,10500,10655,INS
chr2,10625,10700,CNV
chr3,10750,10835,BND
chr4,10875,10970,TRA
chr1,11000,11105,DEL
chr2,11125,11240,DUP
chr3,11250,11375,INV
chr4,11375,11510,INS
chr1,11500,11645,CNV
chr2,11625,11780,BND
chr3,11750,11825,TRA
chr4,11875,11960,DEL
chr1,12000,12095,DUP
chr2,12125,12230,INV
chr3,12250,12365,INS
chr4,12375,12500,CNV
chr1,12500,12635,BND
chr2,12625,12770,TRA
chr3,12750,12905,DEL
chr4,12875,12950,DUP
